[
  {
    "Id": "844467",
    "ThreadId": "358268",
    "Html": "\r\n<p>Hi,</p>\r\n<p>This worked great with bulk import as per the project title. Awesome.</p>\r\n<p>Now I would like to set up a scheduler to obtain daily updates into the TermStore.&nbsp; Tried doing full import every night but the fields (custom list) binded to this termstore looses connection during fresh import and left grayed out.&nbsp; Would appreciate\r\n any feedback if someone found a way to get updates into the Managed Metadata. Thanks,</p>\r\n",
    "PostedDate": "2012-06-04T09:03:24.197-07:00",
    "UserRole": null,
    "MarkedAsAnswerDate": null
  },
  {
    "Id": "870395",
    "ThreadId": "358268",
    "Html": "<p><span>I looks like you need a service app that runs on a schedule. My app will not work in that scenario.</span></p>\r\n<p><span>-p</span></p>",
    "PostedDate": "2012-07-16T16:00:24.32-07:00",
    "UserRole": "Owner",
    "MarkedAsAnswerDate": null
  }
]