[
  {
    "Id": "222643",
    "Title": "Synonoumous support",
    "LatestDate": "2011-01-28T11:26:21.883-08:00"
  },
  {
    "Id": "246384",
    "Title": "Installation",
    "LatestDate": "2011-02-18T17:20:28.503-08:00"
  },
  {
    "Id": "254548",
    "Title": "Unable to fetch Stores",
    "LatestDate": "2011-05-20T15:33:42.88-07:00"
  },
  {
    "Id": "255124",
    "Title": "Combine Projects?",
    "LatestDate": "2011-04-24T15:16:30.24-07:00"
  },
  {
    "Id": "268568",
    "Title": "Where does 'Group Name' come from?",
    "LatestDate": "2011-09-02T12:36:34.673-07:00"
  },
  {
    "Id": "274017",
    "Title": "Keep getting \"Directory does not exist\"",
    "LatestDate": "2012-03-23T12:47:01.28-07:00"
  },
  {
    "Id": "282987",
    "Title": "Cannot connect to term store",
    "LatestDate": "2012-10-28T12:22:29.347-07:00"
  },
  {
    "Id": "310138",
    "Title": "Cannot import csv-file",
    "LatestDate": "2012-02-13T00:56:02.697-08:00"
  },
  {
    "Id": "351230",
    "Title": "Remote servers or just local?",
    "LatestDate": "2012-04-30T18:35:44.133-07:00"
  },
  {
    "Id": "358268",
    "Title": "How to setup for nightly updates into TermStore?",
    "LatestDate": "2012-07-16T16:00:24.32-07:00"
  },
  {
    "Id": "434010",
    "Title": "Multilingual Taxonomy Term Store",
    "LatestDate": "2013-02-21T10:28:42.717-08:00"
  },
  {
    "Id": "455609",
    "Title": "Email address in contact \"broken\"",
    "LatestDate": "2013-09-05T07:05:43.167-07:00"
  },
  {
    "Id": "461798",
    "Title": "Nothing happens when I click 'Get Stores'",
    "LatestDate": "2013-10-10T09:52:52.037-07:00"
  },
  {
    "Id": "543707",
    "Title": "Could not load file or assembly Microsoft.SharePoint.Taxonomy",
    "LatestDate": "2014-05-28T23:08:05.95-07:00"
  }
]