[
  {
    "Id": "602212",
    "ThreadId": "255124",
    "Html": "<p>I have a similar project at <a href=\"http://taxomatic.codeplex.com/\">http://taxomatic.codeplex.com/</a></p>\n<p>If you want to roll the projects together and pool our efforts, please contact me on <a href=\"mailto:shailensukul@gmail.com\">shailensukul@gmail.com</a></p>\n<p>&nbsp;</p>\n<p>Thanks</p>\n<p>Shailen</p>",
    "PostedDate": "2011-04-24T15:16:30.24-07:00",
    "UserRole": null,
    "MarkedAsAnswerDate": null
  }
]