{
  "WorkItem": {
    "AffectedComponent": {
      "Name": "",
      "DisplayName": ""
    },
    "ClosedComment": "i am not sure how its possible. ",
    "ClosedDate": "2011-05-20T15:38:19.133-07:00",
    "CommentCount": 0,
    "Custom": null,
    "Description": "Upon exporting and then importing the results, the structure of the termsets is a total nonsense, e.g. all termset hierarchies are lost.",
    "LastUpdatedDate": "2013-05-16T03:11:23.93-07:00",
    "PlannedForRelease": "",
    "ReleaseVisibleToPublic": false,
    "Priority": {
      "Name": "Low",
      "Severity": 50,
      "Id": 1
    },
    "ProjectName": "termsetimporter",
    "ReportedDate": "2011-03-07T10:51:15.873-08:00",
    "Status": {
      "Name": "Closed",
      "Id": 4
    },
    "ReasonClosed": {
      "Name": "Unassigned"
    },
    "Summary": "The export/ import generates a file which looses structure",
    "Type": {
      "Name": "Issue",
      "Id": 3
    },
    "VoteCount": 1,
    "Id": 30300
  },
  "FileAttachments": [],
  "Comments": []
}