[
  {
    "Title": "Home",
    "Id": "543908",
    "ParentWikiTitle": "Home",
    "FileExtension": "codeplexwiki",
    "UpdatedDate": "2012-03-09T11:26:11.5-08:00",
    "FileAttachments": [
      {
        "Id": "8e5250cd-66cc-4b23-87de-038029e8b7f9",
        "FileName": "bfi.png",
        "DownloadUri": "./543908/8e5250cd-66cc-4b23-87de-038029e8b7f9"
      },
      {
        "Id": "a867ba99-62fb-4b65-9dee-7c91ab6b6be2",
        "FileName": "import.png",
        "DownloadUri": "./543908/a867ba99-62fb-4b65-9dee-7c91ab6b6be2"
      },
      {
        "Id": "d13475f9-2246-4ace-8f86-e2c0e52f1aa7",
        "FileName": "export.png",
        "DownloadUri": "./543908/d13475f9-2246-4ace-8f86-e2c0e52f1aa7"
      },
      {
        "Id": "7d62a4b1-ce50-4314-89ee-884473fc8bd2",
        "FileName": "mms.PNG",
        "DownloadUri": "./543908/7d62a4b1-ce50-4314-89ee-884473fc8bd2"
      },
      {
        "Id": "dc110ac3-17e4-4174-81f9-7b0e330b3037",
        "FileName": "buy-me-a-beer-button.jpg",
        "DownloadUri": "./543908/dc110ac3-17e4-4174-81f9-7b0e330b3037"
      }
    ]
  }
]
